,Unnamed: 0,wise_designation,ps_ra,ps_dec,zPSFStackMag,highz_prob,qso_prob,Mstar_prob,predicted_redshift,spectroscopic_redshift,known_quasar,photometric_follow_up,observed,still_to_observe
0,0,J045206.46-055631.5,73.0265845163,-5.94217503628,20.026339,0.849300575862,0.853163171507,0.146836828493,5.1286786397099995,,False,False,False,True
1,1,J014057.00-114059.5,25.2376246008,-11.683147267699999,20.215204,0.631776960977,0.640123751827,0.23322030741,6.149335476189999,5.85,True,False,False,False
2,2,J010806.59+071119.9,17.0274362271,7.189236697360001,19.48508,0.879211786785,0.912519706014,0.0854545610342,5.430426666669999,5.53,True,False,False,False
3,3,J165951.02+323928.4,254.96262737200001,32.6579585481,19.831118,0.9866666666670001,0.996232791555,0.003767208445420001,5.130365938580001,5.17,True,False,False,False
4,4,J121447.83+273843.6,183.69928468700002,27.6455658672,20.320028,0.9593722394509999,0.983333333333,0.0166666666667,4.91036856577,4.907,True,False,False,False
5,5,J034716.61-264811.0,56.819216470200004,-26.8029694278,19.920714999999998,0.82490543725,0.9683761070999999,0.031019873094900008,4.85021993024,,False,False,False,True
6,6,J015804.13-290519.0,29.5172863839,-29.0887007091,19.503629999999998,0.496257326,0.722872259022,0.193456916249,5.874735,5.99,True,False,False,False
7,7,J020053.00-294248.8,30.2208100742,-29.713658091,19.439587,0.959386140034,0.9899154023450001,0.0100845976546,5.09212966998,,False,False,False,True
8,8,J161622.09+050127.5,244.092129968,5.02436731546,18.709991,0.937129342333,0.986534177608,0.0134658223915,4.86723076305,4.872,True,False,False,False
9,9,J161451.90+055821.2,243.716252903,5.97262758423,20.376078,0.858369285381,0.962455728199,0.024210938467500002,5.00629403689,,False,False,False,True
10,10,J093337.65+754158.0,143.40712971600001,75.6994768491,18.793684,0.8193163749969999,0.8592290088590001,0.137437657808,5.08931061864,,False,False,False,True
11,11,J094207.67+773024.0,145.532125425,77.5069680576,20.118937,0.819745240519,0.853026786618,0.143639880049,5.2940785550300005,,False,False,False,True
12,12,J131013.10-063952.6,197.55457929099998,-6.664348533359997,19.967968,0.9762915048890001,0.98714240146,0.0128575985401,5.04332385965,5.03,True,False,False,False
13,13,J134047.87+281106.3,205.200008565,28.1850439946,20.119698,0.635545202013,0.666110967644,0.32476404551800003,5.605301666669999,,False,False,False,True
14,14,J171641.28+244706.9,259.17172061900004,24.7852213765,19.861452,0.418943579277,0.575698180319,0.27977098651099996,5.80066,,False,False,False,True
15,15,J143629.92+063507.9,219.124766259,6.58555647637,19.507797,0.9325829462909999,0.972508154124,0.0274918458756,4.82800053803,4.779,True,False,False,False
16,16,J152055.71+431652.4,230.23211824700002,43.2812003329,20.287945,0.7387324938500001,0.758612290603,0.197152149397,5.824,,False,True,False,True
17,17,J074653.41+470517.9,116.72261201,47.0883234156,20.076667999999998,0.810335928089,0.8965524179469999,0.09011424871919999,4.8844055209,4.7912,True,False,False,False
18,18,J105123.04+354534.5,162.845974491,35.7595239981,18.621527,0.982929944735,0.998132164355,0.00186783564549,4.922678675959999,4.91,True,False,False,False
19,19,J091552.77+520341.6,138.96976846,52.0616882372,20.231804,0.412444045849,0.695582787368,0.21678760531,5.779221666669999,,False,False,False,True
20,20,J011614.30+053817.1,19.0596062612,5.63821582653,19.30226,0.903176962334,0.9065102956669999,0.093489704333,5.2199926225,5.33,True,False,False,False
21,21,J112733.20-212553.7,171.88850653,-21.4314696574,20.071146,0.85886888243,0.893819459504,0.09265998050869999,5.03347605957,,False,False,False,True
22,22,J162838.81+063859.0,247.16179962099997,6.64974489993,19.606945,0.956637982119,0.9897392765080001,0.0102607234918,4.90388331005,4.85,True,False,False,False
23,23,J162546.54+081128.5,246.44373598200002,8.19082533838,20.271286,0.976609787042,0.996609787042,0.003390212958,4.887380815069999,,False,False,False,True
24,24,J134141.46+461110.2,205.42272069400002,46.1861641083,20.455135000000002,0.9699713154530001,0.993304648786,0.00669535121394,5.043810562809999,5.0233,True,False,False,False
25,25,J173926.71+270256.8,264.86104293,27.049236915300003,20.046201999999997,0.8963975029350001,0.907825162707,0.0921748372931,5.193736041459999,,False,False,False,True
26,26,J015528.33+204444.1,28.8680190181,20.7456096297,20.090153,0.849518242514,0.941981574172,0.048396972866400004,4.84265753536,,False,False,False,True
27,27,J095334.71+735342.0,148.393518831,73.8953250679,19.994091,0.411589545588,0.420278198455,0.499001555488,5.69027333333,,False,False,False,True
28,28,J100818.66+760526.8,152.078318026,76.0905755879,20.421888,0.938636132705,0.965622051681,0.0316844721883,5.07036697611,,False,False,False,True
29,29,J134459.75-115140.0,206.24909061099999,-11.8612267407,19.750608,0.9021661199590001,0.939520071356,0.0604799286443,5.05753401706,,False,False,False,True
30,30,J075907.58+180054.9,119.781590112,18.0152125293,19.25173,0.982100768241,0.9966666666670001,0.0033333333333300003,4.83576035665,4.7780000000000005,True,False,False,False
31,31,J185204.42+650853.9,283.018417561,65.14834901489999,19.656788,0.946567680771,0.9863500300679999,0.0136499699324,5.20395063728,,False,False,False,True
32,32,J122146.42+444528.1,185.44343899400002,44.7577866357,19.953632,0.9866666666670001,0.9933333333329999,0.00666666666667,5.14545843175,5.191,True,False,False,False
33,33,J174856.69+503436.9,267.236259632,50.57689931350001,20.318499,0.851810632257,0.9016358270039999,0.0950308396625,5.06369601387,,False,False,False,True
34,34,J175244.09+503633.1,268.183743234,50.6091896559,19.027494,0.927960241031,0.9864182987610001,0.0100855641719,4.98102542989,5.02,True,False,False,False
35,35,J161435.34+011444.4,243.647337104,1.2457771897399998,19.786417,0.560920931733,0.6858222699969999,0.23464015978,5.833641666669999,5.82,True,False,False,False
36,36,J010744.38-181812.5,16.9347727591,-18.3033614854,20.384262,0.802275375874,0.9592778558030001,0.0377673579025,4.83952107273,,False,False,False,True
37,37,J201739.30-293448.0,304.41393483900004,-29.5800921767,19.679848,0.8158198088070001,0.8296824044519999,0.170317595548,5.518415333330001,,False,False,False,True
38,38,J111920.62+345248.5,169.835957587,34.8800370438,19.810999,0.981731303262,0.9933333333329999,0.00666666666667,4.840128280369999,4.981,True,False,False,False
39,39,J112450.68+363710.4,171.211179719,36.6195339522,19.841005,0.9548151939470001,1.0,0.0,4.85483654242,4.81,True,False,False,False
40,40,J125224.35-282624.5,193.10145260299998,-28.440149217800002,19.984293,0.823180783381,0.9226267050220001,0.0773732949785,4.832737132869998,,False,False,False,True
41,41,J100449.58+404554.2,151.20661785,40.7650016957,20.03947,0.982873542158,0.9932200511310001,0.00677994886851,4.85357562319,4.8831,True,False,False,False
42,42,J085048.23+324647.7,132.701041562,32.7799465404,20.218592,0.860305299877,0.9191009840100001,0.07485023550230001,5.8638658571399995,5.867000000000001,True,False,False,False
43,43,J010512.36+364008.1,16.3016241936,36.6689077268,20.491310000000002,0.641245471494,0.649079605632,0.291217047753,6.19931714286,,False,False,False,True
44,44,J160207.98+523717.9,240.53314899900002,52.62162134770001,19.750035999999998,0.969653491026,0.992899458221,0.00710054177875,4.91075226667,4.914,True,False,False,False
45,45,J041314.79-135935.8,63.31161332600001,-13.9933152472,19.704335999999998,0.96964387434,0.9895565082019999,0.0104434917979,5.05621606667,,False,False,False,True
46,46,J122237.97+195842.9,185.658174824,19.9786202548,20.194954,0.966637982119,0.973304648786,0.023362017880599998,5.10061134893,5.13,True,False,False,False
47,47,J070139.95+524303.9,105.416456215,52.717738901400004,18.77659,0.816525189387,0.863579686189,0.133086980478,5.14942453333,,False,False,False,True
48,48,J101336.35+424026.5,153.401391389,42.674029738200005,19.829313,0.9727592934379999,0.983105802412,0.013560864254399998,4.99788730621,5.03,True,False,False,False
49,49,J120131.55+053510.0,180.381548449,5.58615286831,19.081332999999997,0.969985611759,0.984443617288,0.0123276827838,4.86812968074,4.795,True,False,False,False
50,50,J120737.45+063010.6,181.905974043,6.502800808559999,20.470852,0.861898496049,0.8911322396,0.09483023141039999,6.01318733333,6.04,True,False,False,False
51,51,J120256.44+072039.1,180.73518075099997,7.344118047589999,20.07124,0.959219451311,0.9899713154530001,0.010028684547299998,4.88897420888,4.7853,True,False,False,False
52,52,J095019.67-171108.8,147.581855297,-17.1862349551,19.920332000000002,0.859347603433,0.869668973531,0.130331026469,5.025976482330001,,False,False,False,True
53,53,J114143.17+711925.9,175.42945151599997,71.3236224419,20.314716,0.90590500998,0.949267119796,0.0133620178806,5.8949866666699995,,False,False,False,True
54,54,J215043.55-235645.7,327.68154021,-23.9460301448,20.258308,0.833275964239,0.9326649191590001,0.0640017475081,5.16878454002,,False,False,False,True
55,55,J023811.74+360754.0,39.5484279569,36.1315082773,19.967067999999998,0.8292551604269999,0.832814799487,0.167185200513,5.493783333330001,,False,False,False,True
56,56,J215000.69+171226.4,327.503120143,17.2070429111,20.013826,0.806489594097,0.847979588249,0.145891056022,4.94464170006,,False,False,False,True
57,57,J012646.68+180324.9,21.6947654648,18.057072315899998,19.850046,0.411676210527,0.436744509111,0.505801742375,5.608783333330001,,False,False,False,True
58,58,J232536.63-055328.3,351.40266115800006,-5.89123198436,19.271314999999998,0.919572100995,0.926151401524,0.0738485984763,5.19813964053,5.22,True,False,False,False
59,59,J131326.06-261721.9,198.35856104599998,-26.2893978652,19.269436,0.89650932915,0.9152727310950001,0.08472726890519999,5.473453333330001,5.5,True,False,False,False
60,60,J032615.68-061358.2,51.5654248061,-6.2328018711099995,19.718870000000006,0.843240591224,0.877380378516,0.0763023651782,5.61674214286,,False,False,True,False
61,61,J222612.41-061807.1,336.551733441,-6.30204638783,18.816470000000002,0.948792888089,0.984211578344,0.0157884216562,4.99377376334,5.08,True,False,False,False
62,62,J222845.11-075754.9,337.188075376,-7.965372265339999,20.089666,0.976038906118,0.99,0.00666666666667,4.972453434559999,5.142,True,False,False,False
63,63,J101840.37+285001.0,154.668559587,28.8335277334,20.188795000000002,0.9354037829649999,0.954831305007,0.037372014991699995,4.81613165068,4.780009746549999,True,False,False,False
64,64,J142526.08+082718.0,216.35874913599997,8.45512287219,19.059317,0.94278968278,0.969334085943,0.030665914056599998,4.91929503059,4.938,True,False,False,False
65,65,J091037.09+674026.9,137.65449681799998,67.6741355861,19.345854,0.963121895448,0.966637982119,0.033362017880599996,4.9856085358,,False,False,False,True
66,66,J141636.77-083905.7,214.153114807,-8.651626206769999,19.743204000000002,0.9933333333329999,1.0,0.0,5.0087566062199995,,False,False,False,True
67,67,J100416.11+434738.8,151.067191286,43.794187293,19.457253,0.9262722951029999,0.95995213741,0.0367145292568,4.85504470749,4.8716,True,False,False,False
68,68,J094530.64+264610.4,146.377790959,26.7696654493,20.352111999999998,0.92246603569,0.985297137626,0.014702862373899997,4.8363493522,,False,False,False,True
69,69,J113414.24+082853.8,173.559259661,8.48148083497,20.150760000000002,0.6128717940089999,0.887898372863,0.0803719365699,5.61995166667,5.69,True,False,False,False
70,70,J142634.86+543624.6,216.645237422,54.6063087567,19.854273000000006,0.99,1.0,0.0,4.8636820815499995,4.848,True,False,False,False
71,71,J220226.78+150952.4,330.611552067,15.164541056500001,18.685205,0.829482731785,0.874055207344,0.125944792656,5.0823128693,5.07,True,False,False,False
72,72,J091818.77-134313.9,139.578224323,-13.720467106500001,19.697001999999998,0.979653491026,0.9964346277220001,0.0035653722778299997,4.88498629434,,False,False,False,True
73,73,J145805.96+332722.7,224.525006119,33.456399822600005,19.63263,0.9933333333329999,0.9966666666670001,0.0033333333333300003,4.845041462799999,4.83,True,False,False,False
74,74,J032829.74-012647.8,52.1238758174,-1.44659791439,20.354858,0.843530098413,0.949267310092,0.0507326899083,4.89147517424,,False,False,False,True
75,75,J031805.38-032310.1,49.5224732435,-3.3861771868,19.667007,0.963248735679,0.973248735679,0.0267512643212,5.061143535299999,,False,False,False,True
76,76,J113910.07-121704.8,174.79198252900002,-12.2845470951,20.059078,0.7570979209280001,0.931021847627,0.04959603855190002,5.854727857139999,5.81,True,False,False,False
77,77,J113735.36-104934.5,174.39732825599998,-10.8262677863,19.820513000000002,0.9098995421080001,0.923232875441,0.0734869421325,5.522798333330001,,False,False,False,True
78,78,J121536.66+533129.4,183.90277351900002,53.5247946021,20.427319,0.949664458522,0.982638734729,0.017361265270499998,5.027326413430001,,False,False,False,True
79,79,J221302.61-292115.6,333.26146192,-29.354291579,20.086023,0.59223547362,0.748061257403,0.14059927901900002,5.732538333330001,,False,False,False,True
80,80,J232911.44+021720.2,352.297684214,2.2890743227400003,20.393744,0.813568515887,0.9216993789910001,0.0783006210088,4.8838554504300005,,False,False,False,True
81,81,J113246.50+120901.3,173.19375830200005,12.1504800359,19.267494,0.903276453709,0.9116088563179999,0.08839114368180001,5.17946450231,5.167000000000002,True,False,False,False
82,82,J044548.18-021959.9,71.4507797283,-2.33330526074,19.226675,0.946554783319,0.9515538525949999,0.031844004141099995,5.7502623809500015,5.69,True,False,False,False
83,83,J000239.39+255035.1,0.664150812078,25.843015465900002,19.141314,0.894469921797,0.912536012155,0.0524710812802,5.917548666669999,5.82,True,False,False,False
84,84,J000121.62+265008.9,0.34013716329899996,26.835879156,19.341864,0.588806679545,0.728112587909,0.2347885052,5.80179892857,5.75,True,False,False,False
85,85,J154346.84+170028.2,235.945046114,17.007884661800002,20.288157,0.8519745147300001,0.8697801181550001,0.0980101189394,5.83702642857,5.82,True,False,False,False
86,86,J140514.69+412521.6,211.31122155,41.4226389341,20.39188,0.909286675279,0.956147227383,0.040519439284,5.12694438564,,False,False,False,True
87,87,J134015.11+392631.3,205.06266438900002,39.4418826699,19.451324,0.9960389061180001,0.9966666666670001,0.0033333333333300003,4.99196916302,5.03,True,False,False,False
88,88,J212328.87-242137.2,320.870253721,-24.360454812199997,20.224142,0.887118104122,0.9297651536310001,0.047519399214900004,5.878323333330001,5.73,True,False,False,False
89,89,J132244.90-241008.5,200.687228743,-24.169374856399997,19.944304000000002,0.8065102956669999,0.8098436290000001,0.19015637100000002,5.1956350787400005,,False,False,False,True
90,90,J133550.79+353316.1,203.961692389,35.5544142734,20.254644,0.9666666666670001,0.9766666666670001,0.02,5.911226666669999,5.93,True,False,False,False
91,91,J134154.01+351005.7,205.475065765,35.1682752048,19.899616,0.986637982119,0.9999713154530001,2.86845472737e-05,5.12367157143,5.2672,True,False,False,False
92,92,J142325.99+130259.8,215.858009947,13.0502024442,19.482914,0.928847156045,0.9639271368269999,0.033615263928900005,4.979560332569999,5.021,True,False,False,False
93,93,J142731.33+141840.4,216.880534846,14.3113053296,20.101694000000002,0.878999224982,0.973675807174,0.0229908594927,4.930547205,,False,False,False,True
94,94,J112230.98-284310.6,170.62940811200002,-28.720019995599998,20.185314,0.44918388143,0.553166772408,0.37695301293300004,5.728175833330001,,False,False,False,True
95,95,J222531.58+090314.1,336.381891066,9.053949932110001,20.439276,0.715833696434,0.7463114850489999,0.154247111181,5.69125833333,,False,False,False,True
96,96,J235124.32-045907.8,357.851254785,-4.98538991342,20.109924,0.8694133685940001,0.9298871127420001,0.07011288725789999,5.09852147102,5.25,True,False,False,False
97,97,J234743.09-051830.4,356.929940104,-5.308274787219999,20.388077,0.666035701991,0.744388884325,0.20017895182,5.72139,,False,False,False,True
98,98,J125353.39+104602.9,193.472277617,10.7675350981,19.098164,0.948488606592,0.986938233564,0.0102320389445,4.8906313619,4.9110000000000005,True,False,False,False
99,99,J110217.14+381048.3,165.571433416,38.1800777947,19.468996,0.976552907417,0.986552907417,0.013447092582700002,4.89434097795,4.88,True,False,False,False
100,100,J000325.52-163109.6,0.8562681490549999,-16.5191931279,19.333971,0.9933333333329999,0.9966666666670001,0.0033333333333300003,5.1219113075900005,,False,False,False,True
101,101,J094929.82-145128.5,147.374214216,-14.8581151526,20.198744,0.889800664156,0.90313399749,0.0968660025103,5.25953055781,,False,False,False,True
102,102,J095709.30-145607.1,149.28870601399998,-14.9353095866,19.374086,0.853697560781,0.983971111964,0.0160288880361,4.89941749867,,False,False,False,True
103,103,J092333.01-152249.4,140.887497956,-15.3804336823,19.979001999999998,0.8563978596870001,0.859913946358,0.136752720308,5.20793365795,,False,False,False,True
104,104,J092352.39-180119.8,140.968699305,-18.02245645,19.925138,0.860643873416,0.9628177990960001,0.0371822009039,5.02358679502,,False,False,False,True
105,105,J110942.97-285521.0,167.428748245,-28.9223014974,20.035114,0.876623577869,0.916503374621,0.0834966253786,5.09340434834,5.01,False,False,True,False
106,106,J121122.08+375403.1,182.84192289599997,37.900828750900004,19.682848,0.9162632780679999,0.981174981206,0.0188250187939,4.8033060597300015,4.745,True,False,False,False
107,107,J092216.83+265359.5,140.570033671,26.8997092934,20.191587,0.938870791037,0.9431783938930001,0.056821606107,5.03861974222,5.0318,True,False,False,False
108,108,J211339.15-194916.9,318.413145078,-19.8209692816,20.360863000000002,0.4697848777750001,0.4972672672,0.4240676575990001,5.6136233333300005,,False,False,False,True
109,109,J212107.29-194553.8,320.280047736,-19.7650055079,20.150726000000002,0.481616541677,0.506692049942,0.465209271423,5.60142,,False,False,False,True
110,110,J163752.18+024158.1,249.467404948,2.69955448143,19.307991,0.565467281127,0.760133551972,0.134123882991,5.800634,5.76,False,False,True,False
111,111,J112412.75-273805.2,171.053364272,-27.6346164823,20.189392,0.856440824531,0.8698367079549999,0.13016329204500002,5.13549084946,,False,False,False,True
112,112,J235632.46-062259.4,359.13521423699996,-6.38313849321,20.05309,0.842443023677,0.920892604867,0.035465799489699995,5.902467333330001,6.15,True,False,False,False
113,113,J105502.90+402435.3,163.762341018,40.4098515277,19.660702,0.9499713154530001,0.9695487430869999,0.030451256913,4.95582142417,4.85,True,False,False,False
114,114,J105840.41+804917.8,164.666011223,80.82189208060001,20.290627999999998,0.839685814824,0.8758056128120001,0.12419438718800001,5.2326065150300005,,False,False,False,True
115,115,J114223.23+822925.1,175.595896783,82.4904127405,20.21282,0.835779984298,0.8427931599390001,0.154076404571,5.4640900000000014,,False,False,False,True
116,116,J114311.95+804842.2,175.801424875,80.8121669085,20.417103,0.495437617784,0.541945307145,0.32191873405,5.957418333330001,,False,False,False,True
117,117,J170133.05+424730.7,255.387652932,42.7918188127,19.36786,0.945445166514,0.979566124888,0.0204338751121,5.0716347086699995,,False,False,False,True
118,118,J094045.37-133333.2,145.189212265,-13.5589535202,19.553728,0.809098518992,0.8164582036069999,0.176979763132,5.46118549253,,False,False,False,True
119,119,J095234.65+822418.1,148.143689986,82.4050916153,20.465876,0.85495936959,0.9110733572930001,0.088926642707,5.02624925924,,False,False,False,True
120,120,J075802.41+250403.6,119.510209768,25.067513635799997,20.394796,0.915762210834,0.972630836055,0.0273691639447,5.14280579546,,False,False,False,True
121,121,J112650.71-044712.4,171.711304302,-4.78672603484,20.36135,0.8975823152529999,0.9726387347290001,0.024027931937199997,4.83045032624,,False,False,False,True
122,122,J152023.85+682825.6,230.09938077799998,68.47381595819999,20.215967000000006,0.8292740616150001,0.939132629776,0.0475340368905,4.8096173102,,False,False,False,True
123,123,J105237.40+164108.5,163.156009401,16.6858144123,20.369974,0.98,0.9933333333329999,0.00666666666667,4.832481915,4.815,True,False,False,False
124,124,J143604.99+213239.5,219.02083548299998,21.5442395361,19.600126,0.9133333333329999,0.924528954161,0.0754710458393,5.12810210999,5.22,True,False,False,False
125,125,J143751.80+232313.8,219.46593845099997,23.3870352759,19.5723,0.9896390867749999,0.993318929083,0.0066810709172100005,5.20582906941,5.305,True,False,False,False
126,126,J041527.53-080608.8,63.8647501423,-8.10241129871,19.995586,0.989139397063,0.99,0.01,5.0097727165800015,,False,False,False,True
127,127,J083643.85+005453.1,129.182748596,0.914785930932,18.769886,0.605413060398,0.7667905068430001,0.137513972873,5.804444999999999,5.82,True,False,False,False
128,128,J084322.55+031719.2,130.844159598,3.2889696005299998,20.09522,0.873184156903,0.879625994306,0.12037400569399999,5.24152569147,,False,False,False,True
129,129,J151901.24+042348.4,229.755298367,4.39683270241,19.89225,0.966625172191,0.983291838857,0.0133748278095,5.01686676363,4.94,True,False,False,False
130,130,J081248.81+044056.7,123.203404266,4.6823868947300005,19.867794,0.99,0.999566124888,0.00043387511208599995,5.17111980691,5.29,True,False,False,False
131,131,J225501.30+304057.5,343.75552313099996,30.6826776952,19.921623,0.982640315385,0.9933333333329999,0.00397319053619,4.90965592925,,False,False,False,True
132,132,J224946.43+344137.7,342.44347968299996,34.6936286685,20.369486,0.8563380772399999,0.892355509131,0.10764449086899999,5.27850219452,,False,False,False,True
133,133,J225207.21-164300.0,343.030607633,-16.716710207200002,20.095854,0.43640659757100003,0.518945573175,0.471212098003,5.633323333330001,,False,False,False,True
134,134,J113717.71+354956.8,174.323849198,35.832442698499996,19.455532,0.9291044486650001,0.9315302786249999,0.05453682579,5.943504095240001,6.01,True,False,False,False
135,135,J114338.32+380828.4,175.90970617099998,38.1413305722,20.129496,0.873204680364,0.873204680364,0.0839240423911,5.82558519048,5.81,True,False,False,False
136,136,J130152.55+221011.3,195.469008103,22.1700525796,19.520891,0.959539731777,0.9854133651000001,0.013524395083700002,4.83357446674,4.8288,True,False,False,False
137,137,J131234.08+230716.3,198.142000644,23.1211849042,19.09084,0.94927818956,0.969551720637,0.0304482793626,4.93041096626,4.891,True,False,False,False
138,138,J012053.91+214707.1,20.224663994500002,21.785122994899996,20.21152,0.923092854149,0.946305984235,0.0536940157651,5.132283516459999,5.46,True,False,False,False
139,139,J115922.23+262915.6,179.842516907,26.487618585,19.640810000000002,0.9966666666670001,1.0,0.0,4.87410251675,4.88,True,False,False,False
140,140,J071228.99+550341.2,108.120726821,55.061505269499996,20.026964000000003,0.9526403153849999,0.9831749659639999,0.0168250340361,4.98663950832,,False,False,False,True
141,141,J085556.92+653212.0,133.987160377,65.5367048088,19.135891,0.913240559481,0.931024719783,0.0689752802169,5.23481738852,,False,False,False,True
142,142,J235713.07+371232.6,359.30435543,37.209123642600005,19.24127,0.951569341154,0.99,0.01,4.91390592702,,False,False,False,True
143,143,J162626.49+275132.4,246.610431146,27.8590205995,18.681936,0.82622961889,0.882222591416,0.10444407525,5.16865197709,5.16,True,False,False,False
144,144,J124510.10+434837.9,191.292162855,43.810557343199996,19.920244,0.968008377932,0.999767961055,0.00023203894450099996,4.84249846071,4.82,True,False,False,False
145,145,J122804.23+455127.9,187.017678846,45.8577068073,20.4099,0.824794537433,0.8653412919429999,0.111108324876,5.11087683333,,False,False,False,True
146,146,J104258.76+001642.3,160.74481868200002,0.27883618467300003,20.384626,0.819012587711,0.873568645763,0.126431354237,5.104606099750001,,False,False,False,True
147,147,J104433.03-012502.1,161.137664521,-1.41724748189,19.372920999999998,0.919647393073,0.947462878667,0.052497011330199995,5.7891203333300005,5.8,True,False,False,False
148,148,J011831.93+183551.1,19.6330412627,18.5976838791,19.641861,0.874970694649,0.966637982119,0.033362017880599996,4.91879072584,,False,False,False,True
149,149,J225257.44+204625.4,343.239394475,20.7736717029,19.36936,0.9183137148280001,0.989566124888,0.0104338751121,4.88001721976,4.91,True,False,False,False
150,150,J222736.53-131554.4,336.902344188,-13.265151778,19.389177,0.8108753723250001,0.9442625674740001,0.0557374325261,4.83685183276,,False,False,False,True
151,151,J000112.47+310608.2,0.30196426127099996,31.1021440235,20.116638000000002,0.956652278425,0.9894459216399999,0.010554078359499999,4.82848427079,,False,False,False,True
152,152,J000311.24+330842.7,0.796869490003,33.1454069464,19.924166,0.972274466156,0.9899154023450001,0.0100845976546,5.0359524783800005,,False,False,False,True
153,153,J114826.16+302018.8,177.10903651200005,30.338705279699997,19.766706,0.895762210834,0.9066379821189999,0.0933620178806,5.058905617790001,5.129,True,False,False,False
154,154,J162045.63+520246.6,245.190150479,52.0462984452,18.875162,0.9782619150190001,0.989964786428,0.00673746417731,4.876171371580001,4.79,True,False,False,False
155,155,J162100.94+515548.8,245.253823409,51.930223076400004,20.083914,0.808283113722,0.8948422879410001,0.0648449661441,5.740635,5.71,True,False,False,False
156,156,J102622.84+471906.9,156.59526479299998,47.3186592842,18.62799,0.983247769161,0.999914435828,8.55641719363e-05,4.89876135932,4.93,True,False,False,False
157,157,J141111.28+121737.4,212.79700162,12.293693469,19.580423,0.9527913325740001,0.9866187487479999,0.00338125125223,5.97091,5.93,True,False,False,False
158,158,J064133.77+592544.3,100.391494505,59.4288831983,20.385038,0.8462592332790001,0.865825358167,0.130841308499,5.21943793417,,False,False,False,True
159,159,J090706.06-031930.1,136.775488357,-3.3251860890900002,20.403006,0.894782404174,0.945959362689,0.0540406373113,4.93262290882,,False,False,False,True
160,160,J123606.04+465724.6,189.02520341099998,46.9569645313,19.825846,0.9666666666670001,0.9666666666670001,0.0333333333333,5.521173,5.55,True,False,False,False
161,161,J201907.43-024353.0,304.781281372,-2.73103827433,20.017807,0.849439750932,0.862685718127,0.13731428187300002,5.19482875,,False,False,False,True
162,162,J120134.56+741710.4,180.393342935,74.2866271976,20.13975,0.8027313275010001,0.8391372162909999,0.160862783709,5.13563631102,,False,False,False,True
163,163,J104041.14+162234.3,160.171231608,16.3760653525,19.346605,0.907494387949,0.992657116124,0.006808143945899999,4.86852633333,4.798,True,False,False,False
164,164,J183419.23+434923.0,278.579998107,43.8229619872,20.499008,0.942293806411,0.99,0.01,4.89031769148,,False,False,False,True
165,165,J010044.38+851235.6,15.185693562400001,85.2102991907,19.721584,0.859162442765,0.889295123019,0.11070487698100001,5.10666958527,,False,False,False,True
166,166,J143611.74+500706.9,219.048881083,50.118616081099994,20.090908,0.819743476659,0.8477556702369999,0.116811431522,5.83487642857,5.83,True,False,False,False
167,167,J102210.03+225224.8,155.541840753,22.8737032471,19.484169,0.9662211717970001,0.996582069012,0.0034179309879,5.32403923683,5.47,True,False,False,False
168,168,J101637.73+254131.6,154.157092124,25.692192597600002,18.833225,0.869198243153,0.897545034004,0.0820218616242,5.63254666667,5.64,True,False,False,False
169,169,J172509.69+762559.5,261.290867256,76.4331094888,20.212814,0.9259736487190001,0.9541823985060001,0.043491700702700004,5.0624010039,,False,False,False,True
170,170,J142535.96-023934.4,216.399867209,-2.6595771016799996,19.778833,0.9531276118109999,0.97643035115,0.020289408039,4.821771,4.75,True,False,False,False
171,171,J034652.10-162836.8,56.71691437729999,-16.476939215199998,20.071901,0.8691747966150001,0.939142920526,0.0334862171509,5.891145666669999,5.99,True,False,False,False
172,172,J134408.62+152125.0,206.035913806,15.356991383599999,19.5775,0.962640315385,0.989566124888,0.0104338751121,4.86960252851,4.871,True,False,False,False
173,173,J143823.65-053311.6,219.598514775,-5.5531785774800015,20.446783,0.822949578625,0.879543647241,0.120456352759,5.374103012280001,,False,False,False,True
174,174,J144112.56-084403.6,220.302340851,-8.73429406106,19.888576999999998,0.892710401577,0.9391826980310001,0.0608173019695,5.18585520201,5.2,True,False,False,False
175,175,J164921.25+545403.7,252.338394172,54.901082045,19.29275,0.823290120582,0.8469549629299999,0.150637149908,5.122941508409999,,False,False,False,True
176,176,J102255.62+053907.1,155.731331754,5.6519412921,20.436804000000002,0.805192542183,0.85548849892,0.141178167747,5.36530377251,,False,False,False,True
177,177,J215834.55-075757.3,329.64407786099997,-7.965936373200001,19.868397,0.869370769266,0.884219816234,0.115780183766,5.4755949999999975,,False,False,False,True
178,178,J120200.07-271522.4,180.500307892,-27.256115171799998,20.231579,0.9098172466619999,0.971286147662,0.028713852338,4.962626595430001,,False,False,False,True
179,179,J124247.88+521306.6,190.69961552599997,52.2185419021,19.885595000000002,0.9933333333329999,1.0,0.0,4.9280614881,5.04,True,False,False,False
180,180,J081426.20+681145.8,123.60914001299999,68.1961751148,19.248545,0.8159644264210001,0.826249730212,0.17375026978799998,5.47255,,False,False,False,True
181,181,J131251.98+155523.8,198.216474218,15.9235215749,20.07236,0.898664817253,0.961095879704,0.0389041202955,4.85137189398,,False,False,False,True
182,182,J002623.31-233116.1,6.59705626498,-23.5206612178,20.457563,0.5562915647519999,0.7652023326,0.13988950918600002,5.9760909523800025,,False,False,False,True
183,183,J013224.90-030719.0,23.103768536300002,-3.12178675604,19.823801,0.982581469191,0.9937279576540001,0.00627204234597,4.84025022504,4.83,True,False,False,False
184,184,J013201.69-021602.9,23.007133674400002,-2.26755734359,20.25067,0.757158878704,0.928859529255,0.0485296569961,5.90407233333,5.9,True,False,False,False
185,185,J042200.98-192729.0,65.5041755138,-19.4579743461,19.851876999999998,0.785305416533,0.8938885876739999,0.054548467541,6.089448333330001,6.12,True,False,False,False
186,186,J015513.76+351359.5,28.8073473721,35.2335812285,20.399046,0.812563777049,0.8481367212530001,0.151863278747,5.18754700968,,False,False,False,True
187,187,J152345.70+334759.9,230.940419044,33.799901458600004,20.401869,0.9292605804530001,0.972813404579,0.0271865954206,5.259519,5.33,True,False,False,False
188,188,J112637.93+173458.1,171.658179689,17.582909693599998,19.896748000000002,0.9966666666670001,1.0,0.0,5.09065397596,5.216,True,False,False,False
189,189,J141839.98+314244.0,214.666603386,31.7122086577,19.074535,0.966652278425,0.9866666666670001,0.013333333333299998,4.93901885892,4.85,True,False,False,False
190,190,J141440.50+331946.9,213.66881084599999,33.3296142103,19.687172,0.9447749145819999,0.9832764537090001,0.0167235462913,4.80206390545,4.81,True,False,False,False
191,191,J142516.45+325409.4,216.31803501,32.902658322600004,20.417606,0.775808603377,0.872700885316,0.102591408639,5.860098333330001,5.85,True,False,False,False
192,192,J221144.06-112545.6,332.933627585,-11.4291272266,20.16959,0.9261374043549999,0.965768713666,0.0342312863344,5.00074726418,,False,False,False,True
193,193,J074801.48+705422.5,117.00592098700001,70.9062194694,18.89116,0.900972935251,0.968971561651,0.031028438349099997,4.833540237869999,,False,False,False,True
194,194,J071746.40+712610.1,109.44337830399999,71.4361101705,19.64327,0.982727440335,0.993304648786,0.00669535121394,5.00923567939,,False,False,False,True
195,195,J020142.92-015350.6,30.4287282795,-1.89738681775,19.784239000000003,0.9933333333329999,0.9966666666670001,0.0033333333333300003,4.97620731252,,False,False,False,True
196,196,J133505.27+094715.2,203.77184969,9.7874685909,20.364292000000006,0.953275964239,0.963751699032,0.032914967634700004,5.04618826634,,False,False,False,True
197,197,J150847.55+571501.2,227.19834202299998,57.250350196099994,20.181566,0.974324313138,0.9931953432359999,0.00680465676385,4.8741775597400006,4.88242673874,True,False,False,False
198,198,J020822.01+075058.8,32.0911794661,7.84962856743,20.180126,0.842356381887,0.920623730476,0.0793762695243,5.00064641777,,False,False,False,True
199,199,J001150.03-244400.1,2.95852205152,-24.733389124499997,19.32938,0.9533189450920001,0.9933333333329999,0.00666666666667,5.16169193111,5.41,False,False,True,False
200,200,J001915.38-241756.7,4.81411210039,-24.2992142552,19.767025,0.526585292645,0.56358404728,0.39416053039300003,5.856693333330001,5.68,True,False,False,False
201,201,J000953.97-251916.1,2.47494991368,-25.32104867,20.410479000000002,0.9661386850049999,0.979942630905,0.0200573690945,5.06667562077,,False,False,False,True
202,202,J001437.45+282317.7,3.6560281065599995,28.3883935679,20.037470000000006,0.929470737688,0.986202588778,0.013797411222299999,4.8511403590099995,,False,False,False,True
203,203,J100206.21-131141.6,150.525880147,-13.1949699182,20.440907,0.857442960882,0.9266613376039999,0.07333866239560001,4.884101404669999,,False,False,False,True
204,204,J101939.58+575936.5,154.914589045,57.993510106,20.017623999999998,0.812701161118,0.915035813829,0.08496418617139999,4.92551331503,,False,False,False,True
205,205,J173744.89+582829.5,264.436998018,58.4748982722,19.340782,0.946455228782,0.979185198149,0.0208148018513,4.94473945023,4.9164,True,False,False,False
206,206,J175114.57+595941.4,267.81069725,59.9948625784,18.845573,0.9489136026799999,0.979334085943,0.0206659140566,4.82453126121,4.83,True,False,False,False
207,207,J024306.09-051236.4,40.7754364803,-5.21029346356,20.046232,0.533072182307,0.5871320146,0.40973754990999994,5.610355,,False,False,False,True
208,208,J153359.75-181027.4,233.498978387,-18.1742445698,19.146715,0.9925408333269999,0.996567184609,0.00343281539125,5.0222985,5.06,True,False,False,False
209,209,J065215.87+734932.0,103.066222758,73.8255548676,19.84623,0.8397608832340001,0.8556597397869999,0.14093330832999998,5.04381868169,,False,False,False,True
210,210,J061522.38+752352.3,93.8435787421,75.3979916891,20.08267,0.8665533844650001,0.8765533844650001,0.12065059314000001,5.1679140424800005,,False,False,False,True
211,211,J133412.57+122020.7,203.55231749400002,12.339075611300002,19.626356,0.879179989418,0.893733382148,0.09959995118560001,5.11775164086,5.12,True,False,False,False
212,212,J230541.32+320842.4,346.4222352440001,32.1451675399,20.365654,0.824739449564,0.9476707767110001,0.045662556622,4.90857955518,,False,False,False,True
213,213,J121611.22-213240.0,184.04701183400002,-21.5443535482,20.405918,0.84294260102,0.872515935589,0.127484064411,5.21965134334,,False,False,False,True
214,214,J082933.10+250645.7,127.387922048,25.112670725,19.92568,0.969942630905,0.976369359953,0.023630640046599996,5.2837313128500005,5.35,True,False,False,False
215,215,J152302.90+591634.3,230.762062958,59.2758139671,19.292517,0.9325834357610001,0.952842578597,0.047157421403400006,5.03362268487,5.11,True,False,False,False
216,216,J110228.43-242015.8,165.618036269,-24.3374877523,20.325912,0.846102986234,0.858882241207,0.141117758793,5.237724850299999,,False,False,False,True
217,217,J080143.25+505819.6,120.43026653700001,50.9719005122,20.279469,0.8897154655,0.92626192892,0.0710445949498,5.0695953368,,False,False,False,True
218,218,J081054.32+510540.1,122.726362507,51.0944390759,19.776676000000002,0.823448689311,0.93367609177,0.0536084610757,5.83045404762,5.82,True,False,False,False
219,219,J105936.70+411337.1,164.902907336,41.226948674,19.50164,0.989987882746,1.0,0.0,4.86061792516,4.77,True,False,False,False
220,220,J123141.01-184150.0,187.920898413,-18.697176362,18.993448,0.819111190517,0.9475286187819999,0.050166009143000005,4.83419031862,4.79,True,False,False,False
221,221,J095707.66+061059.5,149.281982044,6.18321285843,19.080574,0.9866666666670001,1.0,0.0,5.051436949,5.14,True,False,False,False
222,222,J154841.74+352142.2,237.174012541,35.3616885392,19.683722,0.889609584994,0.966202588778,0.030464077889,4.92308768128,4.938,True,False,False,False
223,223,J094108.39+594726.3,145.28483562899999,59.7904905935,19.436556,0.924550413562,0.9917003153210001,0.00829968467911,4.84212879246,4.8610000000000015,True,False,False,False
224,224,J095151.20+594555.1,147.963279533,59.76560587350001,20.055017000000007,0.9866666666670001,0.9966666666670001,0.0,4.86367813688,4.87,True,False,False,False
225,225,J165354.60+405402.1,253.47757797,40.9006042756,18.765594,0.935563050439,0.981946415826,0.0167235462913,4.9537012,4.96,True,False,False,False
226,226,J023137.64-072854.4,37.906868631100004,-7.481798156439999,19.488081,0.9856495546610001,0.996623824183,0.00337617581666,5.07067274762,5.422999999999999,True,False,False,False
227,227,J123919.98+345130.4,189.83328180900003,34.858548417,20.056007,0.8981753750120001,0.942880084596,0.0544264392732,4.92541330057,,False,False,False,True
228,228,J220106.61+030207.6,330.277629987,3.0354580737,19.166155,0.9766666666670001,0.9933333333329999,0.00666666666667,4.96148487557,5.06,True,False,False,False
229,229,J125632.12+594829.6,194.133501465,59.808181231899994,19.96071,0.43503168219599997,0.44076901765,0.488890413843,5.606796666669999,,False,False,False,True
230,230,J203355.93-273854.7,308.482991127,-27.648531268899998,19.78869,0.858590935148,0.9093283462880001,0.0873383203785,5.8461747619,5.8,True,False,False,False
231,231,J144853.27+190206.2,222.22204525,19.034936073599997,20.217081,0.870394577834,0.9295335090889999,0.0604664909112,4.93714931945,4.865,True,False,False,False
232,232,J022340.12-243338.5,35.916907203600005,-24.5603990369,18.607029999999998,0.902901260187,0.9452202655799999,0.0391205002949,5.05608311035,,False,False,False,True
233,233,J160253.96+422825.0,240.724914993,42.4735714538,20.147099,0.9523351132760001,0.968233969828,0.024143985931000003,6.05888380952,6.07,True,False,False,False
234,234,J165516.04+190055.2,253.81693879099998,19.015565274700002,20.199562,0.911881157174,0.955808499765,0.0441915002355,4.94373189269,,False,False,False,True
235,235,J094135.48-061547.0,145.397849711,-6.26308771005,19.387632,0.8759065389849999,0.900940322807,0.09350507647299999,4.95163738589,5.05,False,False,True,False
236,236,J105904.60+454822.9,164.769127512,45.8063643747,20.048126,0.932293806411,0.9799529072859999,0.02,4.88971912948,4.893,True,False,False,False
237,237,J212019.43-241718.0,320.080850065,-24.2882920308,20.140764,0.859817246662,0.9,0.08349111764560001,5.096248442169999,,False,False,False,True
238,238,J224049.01-183944.2,340.20405039400003,-18.6622048649,20.190397,0.636533184988,0.763674908497,0.21386677133200002,5.997022833330001,6.0,True,False,False,False
239,239,J012541.09-255256.0,21.421359125,-25.8823114144,19.654161,0.605444782308,0.754117635933,0.188456108514,5.828344,5.79,True,False,False,False
240,240,J012653.66-254047.1,21.7236285804,-25.679743370100002,20.102226,0.8318997562279999,0.919752191003,0.0467457853006,5.800116666669999,,False,False,False,True
241,241,J012947.32-295235.1,22.4470327793,-29.876298241199997,19.638096,0.930295895019,0.986151681082,0.013848318917900001,4.819043289280001,4.83,False,False,True,False
242,242,J012747.87-271529.2,21.949539706,-27.258369591199997,19.737410999999998,0.806040863377,0.806387372351,0.193612627649,5.50630806467,,False,False,False,True
243,243,J092929.68+132656.7,142.373390765,13.448713861199998,19.878593,0.806297891265,0.822536266189,0.177463733811,5.434984333330001,,False,False,False,True
244,244,J114138.30-201556.1,175.40914691900002,-20.2654575386,20.245926,0.744016065552,0.7552375876880001,0.18445955683600002,5.77747833333,5.69,True,False,False,False
245,245,J115514.03-191657.9,178.808381614,-19.2822343523,19.98862,0.9030084892929999,0.9165245759639999,0.08347542403630001,5.12446015199,,False,False,False,True
246,246,J104325.53+404849.4,160.856509119,40.8137293713,19.255395999999998,0.986654549412,1.0,0.0,4.899830242069999,4.9060000000000015,True,False,False,False
247,247,J094243.09-254025.3,145.680000053,-25.6735151167,20.190770999999998,0.8832415259980001,0.898247804955,0.101752195045,5.19194519905,,False,False,False,True
248,248,J074154.71+252029.5,115.477984131,25.341544734699998,18.354843,0.8652065401379999,0.9642757345020001,0.0266648608227,5.17568400639,5.194,True,False,False,False
249,249,J005426.05-094827.8,13.6086867635,-9.80748472158,19.926638,0.8294555867419999,0.833135429049,0.163531237618,5.568297,,False,False,False,True
250,250,J104845.04+463718.2,162.18777035,46.6217929712,20.084448000000002,0.815601519623,0.8223253698049999,0.133637101204,6.19399047619,6.23,True,False,False,False
251,251,J105005.18+462736.2,162.52137463100001,46.459863255200005,19.868154999999998,0.895387017313,0.965497905777,0.031168760889599998,4.87114627626,4.843999999999999,True,False,False,False
252,252,J105405.28+463730.3,163.522116964,46.6250891289,19.867207,0.879879508117,0.888075761777,0.111924238223,5.26835844839,5.47,True,False,False,False
253,253,J085430.38+205650.6,133.626526769,20.9474590664,19.670525,0.98,0.9847194884630001,0.006824450978970001,5.15501097703,5.171,True,False,False,False
254,254,J220008.66+001744.6,330.03611357799997,0.295803632771,19.267853,0.9405155179260001,0.993304648786,0.00669535121394,4.83384955846,4.77,True,False,False,False
255,255,J135826.88+055040.6,209.611721048,5.844551288759999,20.022665,0.8295961219310001,0.851862846444,0.144908453628,5.27680102501,,False,False,False,True
256,256,J140404.66+031403.3,211.019376661,3.23441266239,19.313828,0.993150579996,1.0,0.0,4.91200372231,4.9,True,False,False,False
257,257,J164053.37+684624.3,250.222462505,68.77340225,19.698847,0.96995205386,0.9930309642149999,0.00363570245156,5.11802731424,,False,False,False,True
258,258,J165641.84+693358.1,254.175642634,69.56601488449999,19.71122,0.966628365434,0.969900493584,0.0300995064161,5.165869907519999,,False,False,False,True
259,259,J163443.87+673428.7,248.683016452,67.5747055593,19.329317,0.818550350812,0.9338480026200001,0.0661519973803,4.85188305192,,False,False,False,True
260,260,J140319.12+090250.7,210.82971535299998,9.04750212921,20.348904,0.935890713674,0.9559051019149999,0.0268286691667,5.887072095240001,5.86,True,False,False,False
261,261,J162315.27+470559.9,245.813636545,47.0999570799,19.08566,0.966594909331,0.97105291486,0.025613751806200003,5.1443423595999995,5.13,True,False,False,False
262,262,J162623.37+484136.7,246.59742913,48.6934549033,18.678539999999998,0.932775386474,0.996405943175,0.000260723491775,4.82372787494,4.843,True,False,False,False
263,263,J003125.89+071037.1,7.8578139240499985,7.17692601575,20.21134,0.8961960540999999,0.9753324397390001,0.0246675602614,5.20384500606,5.33,True,False,False,False
264,264,J092847.02-022656.6,142.19601356799998,-2.44915197003,20.057385999999997,0.831782393929,0.881517849601,0.11514881706499999,5.05445945584,,False,False,False,True
265,265,J090630.77+693030.6,136.628104339,69.50857046510001,19.883904,0.8632261552299999,0.869900031578,0.130099968422,5.463113333330001,5.47,True,False,False,False
266,266,J135249.81-031353.9,208.207560898,-3.23175007584,19.556967,0.95,0.975759163294,0.0209075033728,4.931536298999999,4.7477,True,False,False,False
267,267,J165902.12+270935.0,254.758815455,27.1597511348,18.904842000000002,0.95,0.961665735943,0.036959891345300006,5.1721818417000005,5.312,True,False,False,False
268,268,J183435.04+395346.3,278.645876166,39.8959127862,20.034945999999998,0.862985677007,0.8835037184810001,0.116496281519,5.21604607035,,False,False,False,True
269,269,J131546.18+694215.0,198.94223521700002,69.7042912382,19.861498,0.913065807004,0.936403040683,0.0635969593172,5.08940998571,,False,False,False,True
270,270,J164417.01+161205.3,251.070938742,16.2016495939,20.13474,0.956637982119,0.9793790729709999,0.0206209270288,4.948620329140001,,False,False,False,True
271,271,J002613.03-153807.1,6.55452780388,-15.6350661223,20.025982,0.8928735421580001,0.904990307346,0.0885521796645,5.29617068167,,False,False,False,True
272,272,J002815.03-175320.9,7.062690791939999,-17.8892203723,20.338274,0.8616853911329999,0.96161031485,0.0383896851496,5.106987971590001,,False,False,False,True
273,273,J003525.26+004002.7,8.85539029638,0.667435937403,19.744406,0.9134577923980001,0.994362506816,0.00563749318419,4.84970771374,4.7551,True,False,False,False
274,274,J134704.45-161528.1,206.76847947,-16.2578923797,20.398977,0.9017313032619999,0.9724353803319999,0.027564619667799998,4.99798600562,,False,False,False,True
275,275,J152330.66+293539.1,230.877738403,29.5943535037,20.198616,0.8296125406470001,0.84294587398,0.11416862215500001,5.718125,5.7,False,True,True,False
276,276,J085617.09+465959.9,134.07139458,47.000005801499995,20.464237,0.822418859604,0.846098701911,0.153901298089,5.2862171077800015,,False,False,False,True
277,277,J031653.00+040551.5,49.220888891499996,4.09798463885,20.14769,0.968099870141,0.989334085943,0.0106659140566,4.8284560519,,False,False,False,True
278,278,J172345.99+710124.5,260.941530231,71.0234158972,19.835499,0.925981537023,0.9497105919609999,0.050289408039,4.9785153306,,False,False,False,True
279,279,J233853.32-183149.5,354.72209184,-18.53028635,20.359185999999998,0.796152976848,0.8195908304530001,0.11406507293,5.6635733333300005,,False,False,False,True
280,280,J235923.11-130503.7,359.846428788,-13.0843952901,19.313616,0.8995296256209999,0.9164815960789999,0.0835184039213,5.43529366667,,False,False,False,True
281,281,J015533.26+041506.5,28.888652901100002,4.2518655864199975,19.616747,0.8233874092290001,0.904904947831,0.09509505216900001,5.06606344773,5.37,True,False,False,False
282,282,J235700.43+054848.7,359.251541412,5.81387327795,19.8983,0.8165104340009999,0.8265104340009999,0.173489565999,5.096007902819999,,False,False,False,True
283,283,J124515.44+382248.1,191.314426581,38.379859071999995,19.608229,0.9329581398119999,0.966405943175,0.0277695928723,4.93416529349,4.94,True,False,False,False
284,284,J155700.14+101842.3,239.250695741,10.3116022851,19.70813,0.863929439346,0.96461485026,0.0325554222487,4.85985477825,4.829,True,False,False,False
285,285,J121819.06-294013.9,184.57931091,-29.670203077300002,20.091898,0.50234715346,0.578396466205,0.384952019064,5.698296666669999,,False,False,False,True
286,286,J014905.65-183635.4,27.273548412100002,-18.6098903345,20.074920000000002,0.902908644824,0.925813686415,0.07418631358519999,5.0124261090800015,,False,False,False,True
287,287,J095712.19+101617.6,149.300845815,10.2718095177,20.407507,0.936637982119,0.9573040533220001,0.04269594667769999,5.1185580278,5.14,True,False,False,False
288,288,J115424.72+134146.3,178.603090711,13.696019959800001,20.15736,0.844165235335,0.9436437870000001,0.0530228796669,4.9897269812800005,5.005,True,False,False,False
289,289,J225246.44+142525.9,343.19350909400004,14.4238449305,19.573738,0.895418187215,0.952096674184,0.04790332581640002,4.94514655743,4.805,True,False,False,False
290,290,J142728.57-230014.2,216.868827816,-23.004122075100003,19.59662,0.47132559307300004,0.735559679428,0.224950953275,5.7870416666699995,,False,False,False,True
291,291,J085428.45-112804.3,133.618234438,-11.4678720944,19.989397,0.892979928699,0.899829348704,0.100170651296,5.2203666503,,False,False,False,True
292,292,J085742.19-125338.0,134.425322025,-12.894111107899999,20.143079999999998,0.892894364527,0.9082511902339999,0.09174880976569999,5.29496184231,,False,False,False,True
293,293,J085936.04-120344.7,134.90034644899998,-12.062792161700001,20.168459,0.836324887026,0.84949985299,0.15050014701,5.20783373599,,False,False,False,True
294,294,J115040.78+071326.5,177.67017527099998,7.2236554254100005,20.031816,0.925612735494,0.983318929083,0.016681070917200003,4.82554125089,,False,False,False,True
295,295,J162331.83+311200.5,245.882544469,31.2001397454,20.096595999999998,0.9733046805299999,0.98,0.013333333333299998,6.097886666669999,6.22,True,False,False,False
296,296,J102443.12-033430.6,156.179505864,-3.57505978459,19.841494,0.892986824359,0.8933333333329999,0.103870644272,5.19161367667,,False,False,False,True
297,297,J103137.69-023935.8,157.907016994,-2.65990823871,20.310637,0.942070630703,0.96529814903,0.0235391007527,5.8878275,5.88,True,False,False,False
298,298,J073652.23+381929.2,114.217870533,38.3243430708,20.250376,0.8463535715739999,0.86302023824,0.13697976175999999,5.20482020266,,False,False,False,True
299,299,J105500.87-212043.2,163.753813686,-21.3452863727,20.101408,0.8360576746330001,0.843078059954,0.15379150455600002,5.51236833333,,False,False,False,True
300,300,J182756.50+705659.6,276.98532094,70.9499149973,19.687881,0.9756923971439999,0.9933333333329999,0.0033333333333300003,5.02734211331,,False,False,False,True
301,301,J000851.41+361613.5,2.2142786226499998,36.2704523608,19.480932,0.986038906118,1.0,0.0,5.063340388219999,5.17,True,False,False,False
302,302,J125051.89+313022.9,192.716339488,31.5060652242,19.914305,0.9532661295479999,0.9764202234720001,0.020246443194999998,6.03833866667,6.13,True,False,False,False
303,303,J124942.11+334954.0,192.425541032,33.8316236439,19.026226,0.976024517877,0.9966666666670001,0.0033333333333300003,4.87804828321,4.897,True,False,False,False
304,304,J114542.65-052329.6,176.42782349400002,-5.39157942924,20.28371,0.943093242645,0.9726387347290001,0.0273612652705,5.0184864116900005,,False,False,False,True
305,305,J103102.60+565351.4,157.761328443,56.897623573100006,20.175453,0.9090104694650001,0.9747307599189999,0.025269240081000004,4.8909912670399995,,False,False,False,True
306,306,J105036.43+580424.7,162.651964371,58.073513849099996,20.008924,0.9033333333329999,0.9133333333329999,0.0801046334055,5.0736313879,5.155,True,False,False,False
307,307,J013148.32-194755.2,22.9512938463,-19.7988010897,20.185045000000002,0.4163436943410001,0.44367035692,0.457228953544,5.64283833333,,False,False,True,False
308,308,J112737.50-253017.6,171.905833716,-25.504909912600002,20.456583,0.9319981505859999,0.9766522624160001,0.0233477375839,5.02459323833,,False,False,False,True
309,309,J081053.63+745448.9,122.723636431,74.9136313684,20.273664,0.9399713154530001,0.957020721699,0.0396459449678,5.11616934314,,False,False,False,True
310,310,J075113.19+755620.7,117.804942396,75.9392632001,20.07791,0.805603172832,0.812897600048,0.187102399952,5.42383587429,,False,False,False,True
311,311,J073443.80+771512.9,113.68254896299999,77.2535173942,20.259148,0.946136533705,0.959816376012,0.036850290654300004,5.0268357771,,False,False,False,True
312,312,J221643.99+001347.5,334.183392152,0.23004265445799998,20.285543,0.868954446602,0.9417447983949999,0.058255201605500004,5.01647224018,5.01,True,False,False,False
313,313,J000425.84-211054.2,1.10781015846,-21.181680740999997,19.696507999999998,0.917701625153,0.976380217451,0.023619782549400004,5.006809260990001,5.095,False,False,True,False
314,314,J113308.73+160357.4,173.28659751400002,16.065507779100002,19.928984,0.8284963571770001,0.872426479798,0.120906853535,5.599404761900001,5.61,True,False,False,False
315,315,J011546.22-025312.1,18.9427966221,-2.88673464397,19.826763,0.871217922067,0.962582821622,0.0374171783778,4.89386044981,5.07,True,False,False,False
316,316,J133120.17+085625.3,202.83422651400002,8.94084802487,20.11438,0.439738848974,0.464745127931,0.515562403318,5.61584,,False,False,False,True
317,317,J134105.85+745108.3,205.273056111,74.8522267056,20.486584,0.8052909902330001,0.8667446842759999,0.133255315724,5.1190872048800005,,False,False,False,True
318,318,J140531.13+735243.8,211.379791097,73.87881820140001,19.817617000000002,0.608923591804,0.615032945035,0.325258995512,6.085668333330001,,False,True,False,True
319,319,J114931.25+053734.1,177.379936513,5.62623029469,19.255663000000002,0.869789483539,0.903969840599,0.0960301594014,5.15120383333,,False,False,False,True
320,320,J140548.02-253859.6,211.450593289,-25.649713251399998,19.855311999999998,0.809814944453,0.8131482777860001,0.186851722214,5.3773615669599995,,False,False,False,True
321,321,J155319.11+325957.5,238.329644247,32.999268049099996,20.170425,0.975459554755,0.9966666666670001,0.0033333333333300003,4.813663384180001,4.785,True,False,False,False
322,322,J112844.11+395336.2,172.18385126799996,39.8933897695,19.994754999999998,0.9282752507709999,0.983162204989,0.0168377950105,4.804723950990001,4.71,True,False,False,False
323,323,J014837.66+060020.3,27.1568183356,6.00554730936,19.547922,0.60561529309,0.7398571691240001,0.18282831788400009,5.903045,5.922999999999999,True,False,False,False
324,324,J122546.48+303345.6,186.44367958799998,30.562674009200002,19.839810999999997,0.979985595749,0.999985595749,1.44042505477e-05,4.86973121843,4.87,True,False,False,False
325,325,J155937.77+155604.7,239.90743470099997,15.9347618578,20.38145,0.821380202341,0.8956374754530001,0.10108234212000004,5.120743668809999,,False,False,False,True
326,326,J065630.21+785748.2,104.124658967,78.9633247493,20.170673,0.8764768373270001,0.886476837327,0.113523162673,5.3734117572,,False,False,False,True
327,327,J235111.21-160511.9,357.797272612,-16.0867168387,20.132925,0.8528448576100001,0.872757491472,0.1240138086,5.27869511585,,False,False,False,True
328,328,J131440.42+543237.5,198.668335805,54.5437122688,19.893852,0.849673946287,0.859856699624,0.133581267115,5.52415666667,5.51,True,False,False,False
329,329,J210351.63-062743.2,315.96497858099997,-6.46214472977,20.486107,0.828981017668,0.8807262718529999,0.119273728147,5.36536034834,,False,False,False,True
330,330,J000503.75+214506.3,1.26560826827,21.7517115509,19.858969000000002,0.973333333333,0.9864346277220001,0.0135653722778,5.13925198398,,False,False,False,True
331,331,J140650.80+775743.6,211.71193932,77.9621676437,19.721363,0.953304648786,0.9899713154530001,0.010028684547299998,4.97602763834,,False,False,False,True
332,332,J013425.74+311025.7,23.6074616039,31.173317041199997,20.112305,0.839610310293,0.906652262416,0.0900144042505,5.02723176332,,False,False,False,True
333,333,J153422.71+571140.6,233.59480314099997,57.1945946589,20.05743,0.851438390988,0.940182511041,0.0567382409502,4.8101783740499995,4.82,True,False,False,False
334,334,J103027.08+052454.6,157.612898549,5.41529889219,20.224094,0.923047011084,0.951422578418,0.0219290788432,6.071808333330001,6.28,True,False,False,False
335,335,J102833.43+074619.1,157.139429225,7.771911870089999,20.032948,0.98,0.993101294389,0.006898705611170001,5.07262259011,5.15,True,False,False,False
336,336,J103017.62+075204.5,157.573504634,7.867977024400001,19.900217,0.802446784237,0.832310132492,0.167689867508,5.427967166669999,,False,False,False,True
337,337,J114013.53-210036.4,175.056542698,-21.0105918733,19.712912,0.9132596273420001,0.91993350369,0.0800664963105,5.19129204311,,False,False,False,True
338,338,J141327.10-223342.7,213.36298483099998,-22.5617410028,19.669846,0.974466424765,0.9818099276090001,0.00337163456642,5.90949761905,5.88,True,False,False,False
339,339,J081548.72+542424.1,123.953070022,54.4067436182,20.01999,0.46308983199299997,0.47565535521200003,0.4386738629950001,5.7030041666699995,,False,False,False,True
340,340,J233915.14-122221.5,354.813142874,-12.3725836984,20.178171,0.459617868587,0.732836179726,0.180776364312,5.7560199999999995,,False,False,False,True
341,341,J101541.75-073446.1,153.924145446,-7.579583878360001,19.673876,0.454908518748,0.481635487618,0.48370380048600004,5.617205,,False,False,False,True
342,342,J102332.10+633507.4,155.883698176,63.585576510299994,19.46781,0.94799641676,0.99105340433,0.008946595669660001,4.86449740613,4.876,True,False,False,False
343,343,J233048.77+292301.0,352.703325045,29.383619177800004,19.695856,0.8596369119339999,0.972350967281,0.0276490327193,4.84182127057,4.79,True,False,False,False
344,344,J232939.29+300351.0,352.413754321,30.064107194600002,19.185454999999997,0.9287985109710001,0.979566124888,0.0204338751121,4.94048544959,5.24,True,False,False,False
345,345,J015306.53+410455.8,28.277272713000002,41.0820702905,19.942398,0.844441235888,0.9127505704269999,0.0839160962401,4.84960894424,,False,False,False,True
346,346,J001040.04+115822.5,2.66682404232,11.9731665651,20.25176,0.803326123653,0.826589393726,0.17341060627399998,5.21813768588,,False,False,False,True
347,347,J015905.76+125317.5,29.773903058000002,12.8882134324,20.273579,0.9090257304770001,0.962056374197,0.0379436258035,5.00030551615,,False,False,False,True
348,348,J205637.00-253153.9,314.154129034,-25.5311725177,20.475839999999998,0.935321867234,0.969542103952,0.0304578960484,5.03279900171,,False,False,False,True
349,349,J121311.81-124603.3,183.2992001,-12.7676320482,19.543362,0.768928562195,0.780928247554,0.209295720858,5.859235666669999,5.86,True,False,False,False
350,350,J011416.48-255519.4,18.568574250799998,-25.9223634004,19.601809,0.9432662373720001,0.9432662373720001,0.0567337626284,5.23381613691,,False,False,False,True
351,351,J145927.72+810226.3,224.86524530000003,81.0406156077,20.070864,0.872881356975,0.920899284615,0.0791007153852,4.89200197379,,False,False,False,True
352,352,J030636.90-122242.3,46.6538227648,-12.3784542855,19.572613,0.982986824359,1.0,0.0,5.02529033731,,False,False,False,True
353,353,J140808.68-161201.3,212.036054253,-16.2002824273,19.641287,0.805974367067,0.812987542708,0.18701245729200008,5.4939251666699995,,False,False,False,True
354,354,J233548.40+053101.0,353.95158199300005,5.5170395154400005,19.913187,0.81956041777,0.857843534773,0.142156465227,5.24083400958,,False,False,False,True
355,355,J154552.10+602824.2,236.46701237599999,60.473305226,18.84311,0.911616950293,0.946554650422,0.049156638670300006,5.82806916667,5.78,True,False,False,False
356,356,J145252.42+163357.6,223.21892342900003,16.5659176096,20.050829,0.805769268926,0.851414502613,0.145356684324,5.240614647809999,,False,False,False,True
357,357,J161537.08+375833.8,243.904608609,37.9761281559,20.374751999999997,0.818455387676,0.935010471775,0.0649895282247,4.96690605111,,False,False,False,True
358,358,J023848.95-242150.4,39.7039799373,-24.3641355702,20.39665,0.8647816589849999,0.918781374304,0.0812186256958,5.047629468719999,,False,False,False,True
359,359,J095914.44-032601.7,149.81014752299998,-3.4338521229400003,19.396622,0.9,0.916666666667,0.08333333333330001,5.14849535932,,False,False,False,True
360,360,J001912.09+043550.8,4.8005611122000005,4.59760135683,20.393507,0.9585852795569999,0.989537440341,0.0104625596594,5.0535999635,,False,False,False,True
361,361,J184520.67+534547.1,281.336150727,53.7631252203,20.250488,0.7509628165090001,0.862815944129,0.0353940261446,6.1007683333300005,,False,False,False,True
362,362,J082940.78+105356.6,127.41993001799999,10.8989570344,20.48666,0.810267319287,0.898862719603,0.0978039470635,4.88840448992,,False,False,False,True
363,363,J111358.30+025333.9,168.493048939,2.8927012471399998,19.767649,0.9522651218639999,0.986637982119,0.0133620178806,4.87893035255,4.867,True,False,False,False
364,364,J210542.78-290114.1,316.428197146,-29.0206037556,19.858404,0.802906699367,0.819462875244,0.180537124756,5.479522666669999,,False,False,False,True
365,365,J145212.89+023527.2,223.05361969999996,2.59065242925,20.303352,0.9185302777700001,0.9491342730519999,0.0480143851594,4.96918444707,4.896,True,False,False,False
366,366,J022615.25-273019.4,36.5636490865,-27.5052415653,20.158403,0.413217920229,0.414883656172,0.444236976889,6.1944088095200005,,False,False,True,False
367,367,J081333.31+350810.7,123.38886668200001,35.1363243493,19.148335999999997,0.9763057694509999,0.991110283955,0.008889716045000001,4.9320338791900005,4.92,True,False,False,False
368,368,J022112.61-034252.2,35.3025922812,-3.71452935924,19.602733999999998,0.935806063729,0.983333333333,0.0166666666667,5.02688645005,5.011,True,False,False,False
369,369,J124327.48-195907.9,190.864553999,-19.9856706892,19.771616,0.82852078484,0.8385207848399999,0.121773468409,5.73641809524,,False,False,False,True
370,370,J112143.62-071839.4,170.431841321,-7.31103686869,19.925406,0.852461892323,0.896469291757,0.0576448268066,5.775759761900001,5.71,True,False,False,False
371,371,J005058.45+343700.1,12.7435048309,34.616669975,20.47203,0.43437735401999994,0.44437735401999995,0.43581394859899997,5.89527142857,,False,False,False,True
372,372,J004942.90+361113.0,12.428591089600001,36.1869655196,20.304466,0.755474130329,0.8052364344600002,0.109247553329,5.8468550000000015,,False,False,False,True
373,373,J005808.24+370102.9,14.534376993499999,37.017432771100005,19.565395000000002,0.42280162564,0.587228960343,0.27589129661999995,5.830235,,False,False,False,True
374,374,J005429.65+364759.2,13.6236184872,36.7997276885,20.413582,0.791636153423,0.8354955658679999,0.105576522843,5.86099809524,,False,False,False,True
375,375,J152404.21+134417.1,231.017611806,13.7382068472,19.494223,0.989372239451,0.9966666666670001,0.0033333333333300003,4.83052101248,4.792,True,False,False,False
376,376,J120055.61+181733.0,180.231749485,18.2924836372,19.6035,0.989306982052,1.0,0.0,4.94095411625,4.9841,True,False,False,False
377,377,J214455.37-080405.4,326.230687011,-8.068064755639996,19.401482,0.905944964171,0.939507237564,0.0604927624363,5.05320440615,,False,False,False,True
378,378,J103418.64+203259.8,158.577673358,20.5500354917,19.874592,0.985479565879,0.9966666666670001,0.0033333333333300003,4.99816487519,5.01,True,False,False,False
379,379,J161016.70+411753.5,242.56966690299998,41.2982813568,20.165085,0.9795293874330001,0.992667419277,0.00733258072325,4.98380979112,5.00510787964,True,False,False,False
380,380,J093523.35-020754.3,143.847106612,-2.13175204571,20.357623999999998,0.929693024505,0.941120684277,0.058879315723,5.24268015966,5.32,True,False,False,False
381,381,J094146.26-011748.6,145.442329959,-1.29670660591,19.822151,0.8526116308380001,0.922488328705,0.0775116712949,4.92329292966,,False,False,False,True
382,382,J015445.81-140604.2,28.690978117199997,-14.1010592942,20.08325,0.532775662502,0.5982362074700001,0.34858207034999994,5.617998333330001,,False,False,False,True
383,383,J133028.23+622412.4,202.61776267,62.4034138497,20.067024,0.816396340471,0.8479578448,0.1520421552,5.482266666669999,,False,False,False,True
384,384,J003725.73-080707.8,9.35734424488,-8.11904744017,20.02905,0.784554497298,0.8230090726379999,0.13623844763100001,5.8282166666699995,5.72,True,False,False,False
385,385,J133326.10+201257.6,203.358691762,20.2160362443,19.015242,0.826537524227,0.848902149005,0.151097850995,5.4863898333300005,,False,False,False,True
386,386,J232514.24+262847.7,351.30934303199996,26.4799143616,19.746187,0.545582544187,0.769218946659,0.20993030917199998,5.8449448333300005,5.77,True,False,False,False
387,387,J232726.87+245410.9,351.862049108,24.903030972800003,20.397022,0.8187781881880001,0.912799489799,0.08053384353460001,5.21273438544,,False,False,False,True
388,388,J023756.40+335857.6,39.4849813445,33.9827438645,20.108221,0.869440240402,0.902462683195,0.09484384067410001,5.1875928367699995,,False,False,False,True
389,389,J094418.13-200106.4,146.075620805,-20.0185058591,19.080503,0.8413639436329999,0.9564016077949999,0.0435983922055,4.82718221054,4.93,False,False,True,False
390,390,J095048.59-212352.6,147.702336667,-21.3982318374,19.653957000000002,0.849458818793,0.8905058682989999,0.109494131701,5.08724654661,,False,False,False,True
391,391,J094823.10-214225.6,147.096086631,-21.707405631300002,20.433296,0.6427016814940001,0.669230261397,0.249704661723,5.6687066666699994,,False,False,False,True
392,392,J094710.01-225636.4,146.791504014,-22.94392619360001,20.45436,0.848744752217,0.8920905294050001,0.107909470595,5.10670905467,,False,False,False,True
393,393,J093218.34-104552.6,143.07664208100002,-10.764773274100001,20.082382,0.9196104022280001,0.95952303609,0.0404769639099,4.8488594296,,False,False,False,True
394,394,J093747.30-102517.9,144.447074552,-10.4217039357,19.833632,0.8090841147419999,0.860119606531,0.129880393469,5.02716992819,,False,False,False,True
395,395,J064853.70+660519.2,102.223618,66.088708596,20.089216,0.983304648786,0.993304648786,0.00669535121394,5.10323342779,,False,False,False,True
396,396,J120952.71+183146.8,182.469664172,18.529725475,19.760847000000002,0.9533189450920001,0.989767961055,0.0102320389445,5.1178983696,5.1579999999999995,True,False,False,False
397,397,J120852.67+211033.7,182.219436536,21.1760861776,20.050629999999998,0.9432528058149999,0.973057247398,0.0267799488685,5.01730947619,5.06,True,False,False,False
398,398,J092234.11+720309.0,140.642049653,72.0524794017,19.725822,0.809892733632,0.847276579199,0.129599354279,5.58210125962,,False,False,False,True
399,399,J130807.01-132811.3,197.029122639,-13.469868699300001,20.175410999999997,0.976609787042,0.996609787042,0.003390212958,4.8417854889,,False,False,False,True
400,400,J080715.08+132805.5,121.81298533299999,13.4681081149,19.325155,0.886851419456,0.9891516976379999,0.00751496902901,4.82743008024,4.87,True,False,False,False
401,401,J234433.50+165316.3,356.13958034800004,16.8879319733,18.72605,0.93508837486,0.9631838710420001,0.0335183795632,4.9794680713099995,5.0,True,False,False,False
402,402,J133257.45+220835.8,203.239345992,22.1432956435,19.275763,0.945303503835,0.9665428012620001,0.0334571987384,5.0685542,5.11,True,False,False,False
403,403,J132536.22+232823.5,201.401012003,23.4732538688,20.049446,0.9831361757449999,0.999985595749,1.44042505477e-05,4.81528466332,4.79,True,False,False,False
404,404,J053727.11-290722.0,84.362985965,-29.122375985999998,19.945377,0.4964946332399999,0.530160202858,0.391158377499,5.694864047619999,,False,False,True,False
405,405,J015745.43+300110.6,29.439371345500003,30.019611462399997,19.411655,0.705620063146,0.7718227145090001,0.136785937975,5.73597804762,5.74,True,False,False,False
406,406,J182805.45+385828.9,277.022690392,38.9748273602,20.090239,0.8851741023280001,0.949008028181,0.0509919718195,4.990917115819999,,False,False,False,True
407,407,J104120.87+272307.5,160.336719768,27.385589111799998,19.878458,0.9594707376880001,0.9933333333329999,0.00666666666667,4.90986097136,4.84509325027,True,False,False,False
408,408,J143407.14+273848.7,218.529898996,27.6469932227,20.468254,0.8763280317990001,0.9075300331999999,0.08913663346680001,5.156154503480001,,False,False,False,True
409,409,J012247.34+121623.8,20.6972492228,12.273323881900001,19.529898,0.811936119729,0.822478768715,0.143820479143,4.94629918422,4.79,True,False,False,False
410,410,J105541.85-103007.6,163.924321798,-10.502071756900001,20.025774,0.9143546014799999,0.989334085943,0.0106659140566,4.9931484333,5.04,False,False,True,False
411,411,J152917.28+235611.1,232.32209585299998,23.9363075209,20.246939,0.8095179423960001,0.809700695734,0.186965970933,5.396584333330001,,False,False,False,True
412,412,J091543.64+492416.7,138.931839228,49.4046173727,19.394426,0.906372149965,0.943917061642,0.056082938357600004,5.141460364549999,5.1960000000000015,True,False,False,False
413,413,J063715.91+643151.1,99.315729818,64.5304377214,20.387169,0.805718275814,0.8607751742059999,0.126100759272,5.133168551540001,,False,False,False,True
414,414,J164843.81+473517.5,252.182707038,47.5881708513,20.19204,0.9227176606280001,0.939119791188,0.060880208811800014,5.09888612096,,False,False,False,True
415,415,J024152.89+043553.5,40.470464502,4.59822342471,19.720589,0.992472730396,0.9966666666670001,0.0033333333333300003,5.06778729556,5.22,True,False,False,False
416,416,J024601.94+035054.2,41.508136656,3.8483635999400003,19.641167000000006,0.9662914731450001,0.999537440341,0.000462559659359,4.90341567417,4.96,True,False,False,False
417,417,J025121.32+033317.6,42.8388763951,3.55483493766,19.272434,0.943333333333,0.946719759189,0.05,5.03871331732,5.0,True,False,False,False
418,418,J171527.15+245607.9,258.863417022,24.9359514165,19.901224,0.779842681467,0.8058566558069999,0.174457244409,5.6034985,,False,False,False,True
419,419,J060625.36-275632.0,91.6058729387,-27.9424578825,20.493260999999997,0.972412616436,0.9932487356790001,0.006751264321229999,5.0209499611199995,,False,False,False,True
420,420,J124359.84+173445.3,190.99938916099998,17.5792247474,20.13748,0.760961178994,0.824624848576,0.123641191364,5.622611666669999,,False,True,False,True
421,421,J091112.25+255425.7,137.80103596200001,25.90712970380001,19.387947,0.9310324734379999,0.966553384465,0.0320722428233,4.86978582117,4.805,True,False,False,False
422,422,J105803.68+033930.4,164.515244697,3.6585352796699997,20.12445,0.405730391982,0.41927843250200003,0.474066509766,5.609373333330001,,False,False,False,True
423,423,J081159.32+123638.1,122.997208407,12.6107048119,20.05711,0.9155984551980001,0.976285739927,0.0237142600726,4.83089447751,4.85,True,False,False,False
424,424,J225944.26+093624.2,344.93444362800005,9.60676162176,18.849735,0.933333333333,0.989232189886,0.0107678101143,4.81039587905,,False,False,False,True
425,425,J182907.79+365333.1,277.281997519,36.89238626,20.487116,0.8458143358239999,0.913113513994,0.0868864860062,5.01478871614,,False,False,False,True
426,426,J213630.46+063324.6,324.126960638,6.55687862261,20.333248,0.9462914731450001,0.972436898562,0.0242297681048,5.106007197209999,,False,False,False,True
427,427,J085634.93+525206.3,134.145476351,52.868411655299994,19.958154999999998,0.9627753864740001,0.992061469258,0.00793853074207,4.81257991487,4.8,True,False,False,False
428,428,J231738.25+224409.7,349.409373561,22.7360079994,19.32285,0.822734305985,0.830580117111,0.162753216223,5.55864547619,5.59,True,False,False,False
429,429,J100043.77+210326.7,150.182390858,21.0574196923,19.979279000000002,0.933261559988,0.95969618771,0.0403038122896,5.0577816982599995,5.07,True,False,False,False
430,430,J230238.37-112447.2,345.65997154,-11.4131216463,20.085379,0.976010221571,0.996637982119,0.00336201788061,4.89459812464,,False,False,False,True
431,431,J103829.65-102531.5,159.623686456,-10.4253881595,20.269182,0.859593180037,0.902694474425,0.0973055255747,5.09262306651,,False,False,False,True
432,432,J151307.90-085447.2,228.283014428,-8.91307449332,20.104525,0.9662914731450001,0.9799713154530001,0.0200286845473,5.1490906174,,False,False,False,True
433,433,J120644.01-112110.8,181.683294903,-11.3530134179,19.532234,0.8730548177330001,0.925363082831,0.0746369171686,5.539623333330001,,False,False,False,True
434,434,J120441.65-002149.7,181.173878938,-0.36376297747,19.194601000000002,0.935445166514,0.981110283955,0.018889716044999998,4.90610709183,5.09,True,False,False,False
435,435,J133250.07+465109.0,203.208740375,46.852412069399996,19.602804000000006,0.982705572785,1.0,0.0,4.83964519229,4.851,True,False,False,False
436,436,J144053.64-103857.0,220.223324771,-10.6489979996,20.385801,0.860880947797,0.967717943171,0.0322820568291,4.8221476176,,False,False,False,True
437,437,J143552.33-123856.0,218.968082713,-12.648975651099999,19.412788,0.9151995242990001,0.978613082493,0.0200568796247,4.8033561454800004,4.8,True,False,False,False
438,438,J150542.94-071718.1,226.429009845,-7.28845219662,20.288866,0.9729868243590001,0.996055621586,0.00394437841356,5.05434633017,4.99,False,False,True,False
439,439,J001231.99-173522.3,3.13292434,-17.5894885818,19.72845,0.442992737345,0.47965692254299996,0.5136764107899999,5.60702941667,,False,False,False,True
440,440,J085931.29+252019.6,134.880375689,25.3387743926,20.048296,0.999653491026,1.0,0.0,4.81949931291,4.78,True,False,False,False
441,441,J051045.98-061217.1,77.6917598332,-6.20463976304,20.334044,0.80248281523,0.865529090794,0.134470909206,4.99770313883,,False,False,False,True
442,442,J073103.11+445948.9,112.763053363,44.997067433299996,19.159184,0.9894707376880001,0.999566124888,0.00043387511208599995,4.94810972037,4.98,True,False,False,False
443,443,J084035.12+562420.5,130.146286178,56.4055964496,19.824720000000006,0.909152503968,0.915819170634,0.0801433003757,5.981387333330001,5.85,True,False,False,False
444,444,J101204.31+260131.1,153.018018525,26.025235647,20.442759,0.9151269597660001,0.972328330891,0.0276716691089,4.850001732780001,,False,False,False,True
445,445,J114946.40+074850.7,177.443503614,7.81406696141,20.086270000000006,0.788398549147,0.82964424022,0.16035575978,5.644255,5.66,True,False,False,False
446,446,J090332.15+152959.7,135.883970056,15.499912628399999,20.383066,0.698760550279,0.7094266214820001,0.20574194920400002,5.751535,,False,False,False,True
447,447,J124340.82+252923.9,190.92006878700002,25.4899083211,20.270802,0.91655024295,0.9682460931319999,0.0116675973905,5.97589595238,5.85,True,False,False,False
448,448,J085943.27-003613.2,134.930164083,-0.603634203494,20.436795999999998,0.955663712597,0.976637982119,0.020668541750099998,5.06585588343,5.035,False,False,True,False
449,449,J131911.26+095051.7,199.79704887,9.84763974155,20.203182,0.8398854473899999,0.843275964239,0.133403817974,6.13693047619,6.13,True,False,False,False
450,450,J131737.27+110532.9,199.405293213,11.0925308345,19.942654,0.9933333333329999,0.9966666666670001,0.0033333333333300003,4.8933238842,4.76,True,False,False,False
451,451,J101503.22-044552.6,153.76345248299998,-4.76452326856,20.050758,0.9899713154530001,0.996637982119,0.00336201788061,4.87136600117,,False,False,False,True
452,452,J101257.74-044117.3,153.240455599,-4.68821098417,20.019848,0.99,1.0,0.0,4.85741037611,,False,False,False,True
453,453,J084119.53+290504.0,130.33132067399998,29.084559747100002,20.421570000000006,0.866336353369,0.8895494834540001,0.09722181661769999,5.92788209524,5.96,True,False,False,False
454,454,J021624.15+230409.2,34.1006636687,23.069297268299998,19.612366,0.9566666666670001,0.9614276597720001,0.0325455307644,5.24507313535,5.26,True,False,False,False
455,455,J143018.24-292208.3,217.57621814200002,-29.3686627889,20.317772,0.819939147015,0.9032005860299999,0.0967994139699,4.94732303516,,False,False,False,True
456,456,J142647.22+281521.4,216.696698149,28.2558993992,20.02156,0.848511382766,0.959576193418,0.040205767419400004,4.94483002267,,False,False,False,True
457,457,J012220.30+345658.8,20.5845587304,34.9495780075,19.515612,0.887630077896,0.989990383314,0.010009616685799999,4.85199376584,4.85,True,False,False,False
458,458,J042956.17-184005.7,67.48399337859999,-18.6682913507,19.988972,0.79941806469,0.8097224592360001,0.177147105274,5.60121435486,,False,False,False,True
459,459,J145836.16+101249.5,224.65069219400002,10.213770001,19.93485,0.916666666667,0.9227567075380001,0.0541191128059,5.8056550000000025,,False,True,False,True
460,460,J083832.28-044017.4,129.634593863,-4.67151130801,19.433508,0.905879696539,0.9709902378540001,0.0256764288128,4.81510966233,4.75,True,False,False,False
461,461,J000754.07-031730.8,1.9753183915,-3.29191085769,19.794788,0.9532662235989999,0.969932890266,0.0268384098063,5.12265060164,4.76,True,False,False,False
462,462,J000825.76-062604.4,2.1074157280700003,-6.43460421922,20.34608,0.8499712235169999,0.953333333333,0.0166666666667,5.866379166669999,5.93,True,False,False,False
463,463,J102623.61+254259.2,156.598418417,25.7165023075,20.024307,0.9926116308380001,0.996637982119,0.00336201788061,5.196431653169999,5.25,True,False,False,False
464,464,J084627.85+080051.8,131.616010035,8.01436354344,19.843386,0.8994082546619999,0.9197547636360001,0.07683828448039999,5.013271057,5.0,True,False,False,False
465,465,J084331.23+100343.9,130.880126225,10.0621978878,20.119764,0.48274711233400003,0.747032187906,0.151742299701,5.7622223333300004,,False,False,False,True
466,466,J053456.45+810826.3,83.7356002591,81.1406266308,19.731314,0.926637982119,0.953304648786,0.0400818354541,5.13155720668,,False,False,False,True
467,467,J142634.32+204336.4,216.643039184,20.7267808034,18.952862,0.8826752501909999,0.949943120375,0.0500568796247,4.87704783333,4.82,True,False,False,False
468,468,J204343.49-294946.7,310.931344068,-29.8301795483,20.015394,0.846510295667,0.866076420555,0.133923579445,5.19569069337,,False,False,False,True
469,469,J124115.44+043133.3,190.31453264400002,4.52591815555,20.253113,0.824716171169,0.8892309717899999,0.11076902820999998,5.11049347235,,False,False,False,True
470,470,J113051.42+141337.7,172.714233669,14.227198957,19.823156,0.9695688933709999,0.9828148605670001,0.014491663302799999,5.03163880792,,False,False,False,True
471,471,J013502.93-055223.1,23.762180817399997,-5.87311108402,20.279093,0.878950856392,0.94857307236,0.0480935943062,4.80928172313,,False,False,False,True
472,472,J112907.23+230211.2,172.27998119400002,23.0363360519,20.29176,0.8554450650309999,0.948601252421,0.0513987475794,4.81428013891,,False,False,False,True
473,473,J102525.94-244302.2,156.35801516700002,-24.717372160100002,19.23578,0.966305769451,0.987776950622,0.012223049378299999,4.89748375774,,False,False,False,True
474,474,J122127.81-085157.1,185.36609545,-8.86584957785,20.26291,0.8098053277670001,0.8241287418080001,0.17587125819200006,5.4610583333300005,,False,False,False,True
475,475,J084706.22-095904.0,131.775774128,-9.98451205261,19.726914999999998,0.9246925222650001,0.987776950622,0.012223049378299999,4.86641249949,,False,False,False,True
476,476,J203115.16-060646.3,307.813087962,-6.11305062428,20.195086,0.836268007402,0.852934674068,0.147065325932,5.197068,,False,False,False,True
477,477,J182437.54+544122.8,276.15677011099996,54.6896184919,19.282875,0.975509643806,1.0,0.0,4.8757959284800005,,False,False,False,True
478,478,J150036.83+281603.1,225.15350599599998,28.267518316700002,19.473772,0.899383813397,0.906396989037,0.0936030109628,5.568843833330001,5.62,True,False,False,False
479,479,J011301.62+180151.0,18.2563595922,18.0307936821,19.924065,0.806538013697,0.8132046803640001,0.186795319636,5.49352033333,,False,False,False,True
480,480,J165042.25+161721.2,252.67605564299998,16.2893030219,19.814138,0.875793936619,0.9142771525550001,0.079056180778,5.588444761900001,5.57,True,False,False,False
481,481,J084845.06+432751.7,132.187765423,43.46439496479999,20.406979,0.945833113529,0.965524605289,0.0344753947107,5.0552464374,,False,False,False,True
482,482,J112404.46+031158.1,171.018668292,3.19954587628,19.913957999999997,0.879843629,0.886076420555,0.11392357944499999,5.272392,,False,False,False,True
483,483,J185120.87+495359.9,282.836975158,49.899829812600004,20.052585999999998,0.965607799489,0.996423701643,0.00357629835729,4.90476727801,,False,False,False,True
484,484,J134243.44+583850.2,205.681119579,58.647213316999995,19.94882,0.801511177471,0.931016272946,0.0689837270538,4.8436785129,4.85531139374,True,False,False,False
485,485,J084229.46+121851.0,130.62265966,12.3140177282,19.93291,0.81513548343,0.8199258806540001,0.157293523277,6.05284607143,6.055,True,False,False,False
486,486,J170254.25+243340.6,255.725930543,24.561548935100003,20.160723,0.857331795844,0.9826030390070001,0.0172307129782,4.81344772106,4.899,True,False,False,False
487,487,J133918.33+260919.8,204.826672358,26.155272482199997,19.885162,0.996320157693,0.9966666666670001,0.0,4.86319732389,,False,False,False,True
488,488,J111356.75+291527.7,168.486254487,29.2574520048,20.221518,0.9495961219310001,0.963275964239,0.0334953358334,5.10845469386,,False,False,False,True
489,489,J004552.25-243058.6,11.4677774709,-24.5162822725,19.630592,0.8364722726039999,0.864125524702,0.135874475298,4.98476103333,,False,False,False,True
490,490,J144350.66+362315.3,220.961117954,36.3875880014,19.632386999999998,0.8531480298790001,0.866481363212,0.126851970121,5.154534190080001,5.12,True,False,False,False
491,491,J220136.66-172735.0,330.402713064,-17.4599119109,19.652107,0.956277084904,0.9841828937970001,0.0158171062034,5.1119716347300015,,False,False,False,True
492,492,J095207.01+433124.6,148.02907889,43.5235886109,20.180557,0.814139969857,0.903090447877,0.0969095521234,5.02538118477,,False,False,False,True
493,493,J094417.69+450800.2,146.073731476,45.1333300425,20.159964000000002,0.963262065467,0.979943120375,0.0200568796247,4.81245986299,4.8180000000000005,True,False,False,False
494,494,J113026.43-144125.8,172.609976715,-14.6905396048,20.120282999999997,0.840726359572,0.904547515526,0.08859931208039999,4.95457340509,,False,False,False,True
495,495,J033704.08-033017.7,54.2669479844,-3.50501701996,20.250708,0.8590951629870001,0.927505082,0.069453493373,4.91690550405,,False,False,False,True
496,496,J021743.58-213623.9,34.4317662805,-21.6067007563,20.011233999999998,0.839098518992,0.8645844182860001,0.135415581714,5.0505542855300005,,False,False,False,True
497,497,J082453.95+130216.7,126.225069445,13.0380634263,19.561632,0.9233333333329999,0.9380943264380001,0.0619056735615,5.13489790872,5.15,True,False,False,False
498,498,J171101.06+064509.4,257.75445825599996,6.752566906959999,19.795969,0.948227092369,0.9866666666670001,0.013333333333299998,4.82054813334,,False,False,False,True
499,499,J131814.02+341805.5,199.55845110799999,34.3015599065,19.00594,0.975644451004,0.999334085943,0.0006659140565869999,4.8745040166699996,4.8211,True,False,False,False
500,500,J053848.04-214950.3,84.6998714809,-21.8309643908,20.448877,0.817562877287,0.923124536408,0.0735421302582,4.98800293132,,False,False,False,True
501,501,J092850.44-210437.3,142.210089754,-21.0770576518,20.329983,0.91777020938,0.979918889527,0.0167477771392,4.8115198625,,False,False,False,True
502,502,J134831.66+172138.8,207.131939416,17.3608017722,19.88767,0.9055930155249999,0.956034911698,0.04396508830180002,4.854770927440001,4.7939,True,False,False,False
503,503,J134819.87+181925.9,207.0828205,18.3238230758,19.130423999999998,0.975826074852,1.0,0.0,4.91090170652,4.94,True,False,False,False
504,504,J045427.95-050049.5,73.6164782266,-5.01373652926,18.566467000000006,0.8747055748100001,0.9766666666670001,0.02,4.89653336159,4.93,True,False,False,False
505,505,J110530.95+320306.2,166.378515472,32.0516436153,20.418136999999998,0.847997171051,0.909409643082,0.081283306643,5.04888589924,,False,False,False,True
506,506,J102942.55-090725.8,157.42739465100001,-9.123719560169999,19.934788,0.9496534910259999,0.9683324026090001,0.028334264057200007,5.2087260550300005,,False,False,False,True
507,507,J111632.53-114918.5,169.13588928,-11.821798395999998,20.002098,0.406222685963,0.417737264217,0.545202386891,5.633845,,False,False,False,True
508,508,J145950.96-181251.7,224.96237822700002,-18.2139857683,20.210125,0.463040612565,0.510829680441,0.459484219775,5.62688333333,,False,True,False,True
509,509,J085031.61+262955.8,132.631391785,26.498415692,19.814745000000002,0.81977248346,0.832873777848,0.167126222152,5.462638,,False,False,False,True
510,510,J085149.54+262044.4,132.956508693,26.3460987294,20.244985999999997,0.8329250573829999,0.8591578489370001,0.140842151063,5.272191632809999,,False,False,False,True
511,511,J085552.59+245858.0,133.968970576,24.9828526255,20.050518,0.8530932109010001,0.882177259619,0.11459392731899999,5.09886780638,,False,False,False,True
512,512,J000221.10-094349.5,0.587826696262,-9.73034706579,20.429028,0.939219451311,0.986913647008,0.013086352991599999,5.05607618867,,False,False,False,True
513,513,J001714.67-100055.5,4.31113120812,-10.0153961152,19.672992999999998,0.9866666666670001,0.99,0.01,5.01936052638,5.011,True,False,False,False
514,514,J065113.69+681830.8,102.80704589700001,68.3082770203,20.442762,0.822461445159,0.839040745688,0.157625920979,5.15267643133,,False,False,False,True
